Sample,X,Y,Z
0,0.000,-0.578,0.012
1,-0.008,-0.934,0.020
2,-0.008,-0.934,0.020
3,0.004,-0.941,0.020
4,-0.004,-0.941,0.027
5,0.000,-0.938,0.008
6,-0.004,-0.941,0.012
7,0.000,-0.938,0.008
8,0.004,-0.938,0.020
9,0.000,-0.938,0.023
10,0.000,-0.949,0.004
11,0.000,-0.934,0.016
12,-0.004,-0.941,0.000
13,0.000,-0.938,0.016
14,0.004,-0.941,0.023
15,0.004,-0.938,0.020
16,-0.008,-0.934,0.004
17,-0.004,-0.941,0.016
18,0.000,-0.941,0.016
19,-0.004,-0.941,0.016
20,0.004,-0.949,0.004
21,-0.004,-0.949,0.004
22,-0.004,-0.941,0.008
23,0.000,-0.945,0.008
24,0.000,-0.934,0.020
25,0.016,-0.949,0.027
26,0.004,-0.938,-0.020
27,-0.016,-0.953,-0.027
28,0.012,-0.949,-0.035
29,0.000,-0.934,0.043
30,0.004,-0.949,0.008
31,-0.004,-0.938,0.043
32,0.000,-0.938,0.008
33,-0.004,-0.949,-0.004
34,0.000,-0.941,0.000
35,0.000,-0.934,0.008
36,-0.004,-0.941,0.023
37,0.000,-0.941,0.027
38,0.000,-0.953,0.000
39,-0.004,-0.938,0.008
40,-0.008,-0.949,0.008
41,0.000,-0.941,0.016
42,0.004,-0.941,0.020
43,-0.004,-0.941,0.012
44,0.000,-0.941,0.012
45,0.000,-0.941,0.012
46,0.000,-0.953,0.016
47,0.000,-0.938,0.016
48,0.000,-0.945,0.074
49,0.023,-0.953,0.023
50,0.004,-0.949,-0.012
51,-0.031,-0.938,0.023
52,-0.008,-0.930,0.020
53,-0.008,-0.938,0.055
54,-0.008,-0.941,0.020
55,-0.008,-0.945,0.016
56,-0.004,-0.949,0.016
57,0.000,-0.949,0.023
58,-0.004,-0.945,0.016
59,-0.008,-0.938,0.020
60,0.004,-0.938,0.020
61,0.000,-0.949,0.008
62,0.000,-0.938,0.016
63,0.004,-0.949,0.023
64,-0.004,-0.945,0.012
65,-0.004,-0.941,0.012
66,0.004,-0.941,0.020
67,0.000,-0.941,0.012
68,0.000,-0.941,0.012
69,0.000,-0.938,0.023
70,0.004,-0.949,0.008
71,0.000,-0.934,0.008
72,-0.012,-0.953,0.035
73,-0.008,-0.945,0.051
74,-0.008,-0.945,0.051
75,0.000,-0.934,0.043
76,0.020,-0.945,0.020
77,-0.016,-0.949,-0.020
78,-0.016,-0.941,0.004
79,0.004,-0.945,0.020
80,-0.004,-0.941,0.012
81,-0.008,-0.941,0.008
82,-0.004,-0.938,0.012
83,0.004,-0.938,0.023
84,-0.004,-0.941,0.008
85,-0.004,-0.941,0.012
86,0.000,-0.953,0.008
87,-0.004,-0.938,0.027
88,0.004,-0.941,0.008
89,-0.004,-0.938,0.016
90,-0.004,-0.945,0.008
91,0.000,-0.949,0.020
92,0.000,-0.953,0.008
93,-0.004,-0.945,0.004
94,0.000,-0.934,0.027
95,0.000,-0.949,0.020
96,-0.004,-0.949,0.016
97,0.012,-0.945,0.031
98,0.012,-0.945,0.031
99,-0.023,-0.949,-0.031
100,-0.008,-0.934,-0.027
101,-0.008,-0.945,0.004
102,-0.016,-0.945,0.000
103,-0.016,-0.938,0.016
104,-0.004,-0.945,0.004
105,0.004,-0.941,0.008
106,0.000,-0.938,0.012
107,-0.004,-0.938,0.023
108,0.004,-0.934,0.020
109,0.004,-0.949,0.016
110,0.016,-1.004,0.023
111,0.113,-1.125,0.262
112,0.094,-1.086,0.527
113,0.016,-0.887,0.836
114,0.047,-0.656,1.098
115,0.160,-0.758,1.121
116,0.230,-1.074,0.914
117,0.008,-1.273,0.613
118,-0.355,-0.969,0.543
119,-0.191,-0.652,1.145
120,0.266,-0.594,1.727
121,0.352,-0.816,1.559
122,-0.148,-0.945,0.457
123,-0.551,-1.016,-0.113
124,-0.273,-1.152,0.012
125,0.105,-1.070,0.668
126,0.172,-0.691,0.902
127,0.047,-0.758,0.531
128,-0.148,-0.914,-0.051
129,-0.184,-1.340,-0.543
130,-0.242,-1.086,-0.203
131,0.125,-0.965,0.344
132,0.332,-0.902,0.641
133,0.094,-0.801,0.387
134,-0.023,-1.184,-0.020
135,-0.230,-0.871,0.102
136,0.055,-0.902,0.613
137,0.281,-0.871,0.969
138,0.172,-0.906,0.793
139,0.074,-1.004,0.617
140,-0.020,-0.840,0.715
141,0.004,-1.035,0.840
142,0.145,-0.848,1.168
143,0.102,-0.789,1.109
144,0.195,-1.012,0.855
145,0.051,-1.031,0.496
146,-0.195,-1.078,0.441
147,-0.242,-0.664,0.652
148,0.094,-0.867,0.902
149,0.316,-0.980,0.852
150,-0.062,-1.035,0.211
151,-0.305,-0.945,-0.062
152,-0.207,-0.867,0.176
153,-0.055,-1.000,0.312
154,0.109,-0.973,0.477
155,0.059,-0.914,0.367
156,-0.113,-0.859,0.102
157,-0.125,-0.945,0.121
158,-0.039,-1.062,0.207
159,0.000,-1.055,0.383
160,0.129,-0.926,0.605
161,0.086,-0.906,0.668
162,0.035,-0.980,0.594
163,-0.023,-0.941,0.711
164,-0.059,-0.895,0.797
165,0.090,-0.906,0.922
166,0.180,-0.906,1.051
167,0.004,-0.867,0.789
168,-0.109,-0.992,0.641
169,-0.055,-0.797,0.680
170,-0.012,-0.969,0.695
171,0.188,-0.824,0.867
172,0.098,-0.938,0.562
173,-0.020,-1.078,0.367
174,-0.086,-0.879,0.273
175,0.027,-1.172,0.301
176,0.105,-0.840,0.535
177,0.090,-1.000,0.465
178,-0.031,-0.875,0.297
179,-0.055,-0.898,0.242
180,-0.113,-0.973,0.195
181,0.000,-0.926,0.320
182,0.070,-1.020,0.387
183,0.023,-0.930,0.434
184,-0.055,-0.910,0.488
185,-0.012,-0.980,0.551
186,-0.047,-0.922,0.660
187,-0.086,-0.926,0.602
188,0.160,-0.895,0.895
189,0.078,-0.840,0.680
190,-0.047,-0.938,0.391
191,-0.156,-0.746,0.172
192,-0.137,-1.004,-0.109
193,0.148,-1.070,0.055
194,0.113,-0.988,0.008
195,-0.105,-0.895,-0.250
196,-0.137,-0.742,-0.305
197,0.113,-1.012,-0.340
198,0.145,-1.145,-0.523
199,0.105,-1.105,-0.523
200,-0.078,-0.934,-0.590
201,-0.016,-1.043,-0.449
202,0.164,-0.984,-0.109
203,0.129,-0.980,0.027
204,-0.047,-0.844,0.043
205,-0.059,-0.797,0.074
206,0.055,-0.922,0.102
207,-0.027,-1.047,0.023
208,-0.055,-1.016,0.133
209,-0.055,-0.816,0.348
210,0.035,-0.887,0.570
211,0.051,-0.840,0.730
212,-0.004,-0.941,0.543
213,-0.164,-0.863,0.266
214,-0.137,-0.980,0.156
215,0.023,-1.004,0.188
216,0.082,-1.031,0.227
217,-0.074,-0.840,0.062
218,-0.156,-0.781,-0.078
219,0.102,-0.914,-0.082
220,0.105,-1.027,-0.195
221,-0.039,-1.203,-0.500
222,-0.090,-0.812,-0.398
223,0.000,-0.973,-0.328
224,0.176,-0.926,-0.086
225,0.250,-0.930,-0.066
226,0.062,-1.121,-0.336
227,-0.062,-0.871,-0.293
228,0.020,-1.027,-0.168
229,0.152,-1.078,0.043
230,0.113,-1.031,0.199
231,-0.105,-0.742,0.285
232,-0.121,-0.781,0.340
233,0.078,-0.824,0.488
234,-0.031,-1.035,0.191
235,-0.109,-1.020,0.094
236,-0.152,-0.898,0.129
237,-0.094,-0.977,0.230
238,-0.035,-0.852,0.367
239,0.000,-0.906,0.371
240,-0.082,-0.801,0.195
241,-0.062,-0.926,-0.027
242,0.035,-1.016,-0.164
243,-0.043,-1.055,-0.348
244,0.000,-0.996,-0.188
245,0.023,-0.773,-0.016
246,0.102,-0.898,-0.055
247,0.109,-1.047,-0.242
248,0.008,-1.043,-0.266
249,-0.027,-0.930,-0.293
250,0.066,-1.031,-0.215
251,0.121,-0.898,-0.020
252,0.090,-0.992,0.008
253,0.125,-0.945,0.043
254,0.000,-0.977,0.020
255,-0.090,-0.957,-0.016
256,0.008,-0.863,0.195
257,0.121,-1.055,0.242
258,-0.020,-0.883,0.188
259,-0.090,-0.840,0.195
260,-0.086,-0.777,0.223
261,0.059,-0.973,0.168
262,0.047,-0.973,0.094
263,-0.004,-0.961,-0.020
264,-0.043,-1.004,-0.039
265,0.012,-0.969,0.105
266,0.016,-0.945,0.125
267,0.004,-0.859,0.117
268,0.066,-0.840,0.074
269,-0.051,-0.980,-0.324
270,-0.039,-1.023,-0.270
271,-0.074,-0.984,-0.332
272,-0.023,-0.977,-0.188
273,0.090,-0.891,0.070
274,-0.027,-0.984,-0.070
275,-0.027,-0.906,0.008
276,-0.062,-0.863,-0.102
277,-0.051,-1.113,-0.270
278,0.184,-0.973,0.102
279,-0.023,-0.953,0.055
280,-0.020,-0.895,0.098
281,0.109,-0.793,0.324
282,0.105,-1.055,0.168
283,0.039,-0.957,0.152
284,0.000,-0.910,0.215
285,-0.043,-0.785,0.184
286,0.012,-0.828,0.137
287,-0.047,-1.059,-0.160
288,0.031,-0.910,0.027
289,-0.004,-0.934,-0.055
290,-0.016,-1.035,-0.121
291,0.016,-0.973,-0.074
292,0.031,-1.133,-0.117
293,0.000,-0.758,0.152
294,-0.031,-0.930,-0.129
295,0.023,-0.953,-0.133
296,0.027,-0.938,-0.164
297,-0.105,-1.082,-0.344
298,-0.055,-0.859,-0.074
299,0.023,-0.871,0.039
300,-0.020,-0.980,-0.047
301,0.098,-0.934,0.164
302,0.059,-0.926,0.117
303,-0.078,-0.996,-0.027
304,-0.004,-0.953,0.090
305,-0.039,-0.922,0.020
306,0.078,-0.914,0.160
307,0.082,-0.914,0.176
308,0.051,-1.004,0.180
309,-0.145,-0.883,0.082
310,-0.207,-0.895,-0.051
311,0.043,-0.809,0.180
312,0.094,-1.023,0.086
313,-0.031,-1.051,-0.055
314,-0.031,-1.051,-0.055
315,-0.191,-0.926,-0.266
316,-0.039,-0.828,-0.070
317,0.066,-0.898,0.062
318,0.152,-1.086,-0.074
319,0.055,-0.996,-0.109
320,-0.109,-1.023,-0.230
321,-0.082,-0.875,-0.086
322,0.074,-0.922,0.047
323,0.176,-0.855,0.160
324,0.047,-0.949,-0.031
325,-0.094,-0.945,-0.172
326,-0.141,-1.004,-0.227
327,0.027,-1.020,-0.066
328,0.094,-0.910,0.250
329,-0.012,-0.910,0.254
330,-0.062,-0.785,0.203
331,-0.008,-0.859,0.180
332,-0.098,-0.883,-0.164
333,-0.109,-1.012,-0.348
334,0.039,-0.859,-0.316
335,-0.055,-1.023,-0.605
336,0.000,-1.066,-0.648
337,-0.172,-0.949,-0.664
338,-0.066,-0.820,-0.582
339,0.004,-0.688,-0.703
340,0.133,-1.141,-0.984
341,-0.070,-1.258,-1.398
342,-0.199,-0.922,-1.219
343,-0.074,-0.941,-0.938
344,0.211,-0.934,-0.543
345,0.176,-1.008,-0.613
346,-0.086,-0.980,-0.812
347,-0.180,-0.980,-0.770
348,-0.035,-1.027,-0.496
349,0.098,-0.969,-0.176
350,0.086,-0.805,0.031
351,-0.117,-0.754,-0.141
352,-0.090,-0.926,-0.199
353,-0.031,-0.898,-0.125
354,-0.027,-1.043,-0.230
355,-0.020,-0.863,-0.137
356,0.008,-0.836,-0.125
357,0.027,-0.898,-0.129
358,0.004,-0.883,-0.238
359,-0.117,-1.070,-0.559
360,-0.043,-0.973,-0.562
361,0.000,-0.941,-0.555
362,0.078,-1.133,-0.637
363,-0.039,-0.891,-0.621
364,-0.156,-0.898,-0.824
365,-0.070,-0.863,-0.742
366,0.027,-0.957,-0.801
367,-0.062,-1.016,-0.984
368,-0.125,-0.918,-0.910
369,-0.004,-1.023,-0.773
370,0.145,-1.094,-0.559
371,0.090,-0.918,-0.418
372,0.059,-0.977,-0.387
373,-0.047,-0.875,-0.391
374,-0.027,-0.965,-0.422
375,-0.004,-1.035,-0.352
376,0.035,-0.906,-0.160
377,-0.078,-0.840,-0.145
378,-0.078,-0.836,-0.117
379,-0.055,-0.922,-0.129
380,-0.016,-0.965,-0.199
381,-0.121,-0.906,-0.305
382,-0.043,-0.910,-0.336
383,-0.117,-0.875,-0.453
384,-0.066,-0.926,-0.527
385,-0.012,-0.902,-0.531
386,-0.008,-1.102,-0.703
387,-0.047,-1.000,-0.723
388,0.027,-0.883,-0.715
389,0.020,-1.008,-0.773
390,0.098,-1.008,-0.781
391,0.070,-1.059,-0.797
392,-0.035,-1.020,-0.750
393,-0.051,-0.836,-0.660
394,0.051,-0.918,-0.496
395,0.129,-0.879,-0.367
396,-0.008,-0.945,-0.566
397,0.004,-1.066,-0.477
398,-0.004,-0.930,-0.488
399,-0.023,-1.066,-0.316
400,0.078,-0.770,0.031
401,0.043,-0.809,-0.066
402,-0.086,-0.891,-0.352
403,-0.027,-1.090,-0.359
404,-0.203,-1.070,-0.609
405,-0.215,-0.797,-0.484
406,0.062,-0.703,-0.098
407,0.207,-0.910,-0.086
408,0.055,-1.055,-0.492
409,-0.285,-1.180,-1.000
410,-0.336,-0.934,-0.879
411,-0.066,-0.785,-0.426
412,0.359,-0.973,0.008
413,0.367,-1.078,0.027
414,-0.184,-1.098,-0.527
415,-0.355,-0.852,-0.461
416,0.027,-0.816,0.129
417,0.465,-1.102,0.586
418,0.297,-1.055,0.500
419,-0.227,-0.824,0.062
420,-0.355,-0.629,0.047
421,0.156,-0.910,0.449
422,0.430,-1.191,0.598
423,-0.035,-0.941,0.246
424,-0.426,-0.609,-0.035
425,0.012,-0.809,0.168
426,0.391,-1.277,0.215
427,-0.016,-1.160,-0.168
428,-0.371,-0.672,-0.230
429,-0.090,-0.762,-0.090
430,0.223,-1.160,-0.125
431,0.086,-1.199,-0.285
432,-0.219,-0.863,-0.352
433,-0.141,-0.719,-0.242
434,0.152,-1.031,-0.133
435,0.113,-1.207,-0.180
436,-0.113,-0.922,-0.184
437,-0.082,-0.645,0.082
438,0.078,-0.875,0.133
439,0.145,-1.156,0.035
440,0.039,-0.992,0.078
441,-0.066,-0.773,0.160
442,0.039,-0.902,0.180
443,0.180,-1.117,0.230
444,0.098,-0.969,0.234
445,-0.062,-0.766,0.141
446,-0.094,-0.863,-0.023
447,0.008,-1.055,-0.074
448,0.066,-1.039,-0.031
449,-0.008,-0.891,-0.023
450,-0.082,-0.879,-0.074
451,-0.023,-0.961,-0.090
452,0.062,-0.988,-0.059
453,0.020,-0.945,-0.121
454,-0.047,-0.977,-0.207
455,-0.016,-1.027,-0.152
456,0.062,-0.957,0.008
457,0.020,-0.852,0.066
458,0.004,-0.871,0.098
459,-0.027,-0.949,0.055
460,0.008,-0.961,-0.008
461,0.008,-0.930,0.082
462,-0.023,-0.918,0.051
463,-0.012,-0.938,0.074
464,0.023,-0.938,0.121
465,0.023,-0.930,0.105
466,0.000,-0.945,0.031
467,-0.016,-0.980,-0.031
468,0.012,-0.984,-0.016
469,0.039,-0.969,0.000
470,0.004,-0.938,-0.043
471,-0.039,-0.922,-0.090
472,-0.020,-0.922,-0.074
473,0.016,-0.934,-0.047
474,0.012,-0.938,-0.035
475,0.012,-0.953,-0.016
476,0.004,-0.934,0.016
477,0.020,-0.914,0.078
478,0.047,-0.922,0.102
479,0.023,-0.949,0.051
480,0.000,-0.977,0.043
481,0.008,-0.945,0.020
482,-0.004,-0.945,-0.020
483,-0.016,-0.930,0.062
484,0.004,-0.941,0.078
485,-0.008,-0.949,0.051
486,-0.020,-0.945,0.004
487,-0.031,-0.949,-0.023
488,-0.035,-0.949,-0.043
489,-0.020,-0.938,-0.031
490,0.004,-0.934,0.000
491,0.000,-0.941,0.012
492,-0.008,-0.941,0.000
493,0.000,-0.938,0.004
494,0.012,-0.941,0.020
495,0.027,-0.945,0.023
496,0.012,-0.941,0.027
497,-0.008,-0.938,0.016
498,-0.008,-0.938,0.020
499,-0.008,-0.930,0.059
500,0.027,-0.938,0.098
501,0.023,-0.953,0.074
502,-0.004,-0.949,0.047
503,-0.020,-0.941,0.023
504,0.004,-0.945,0.043
505,-0.039,-0.934,-0.008
506,-0.043,-0.980,-0.043
507,-0.027,-0.961,-0.020
508,-0.039,-0.930,-0.020
509,0.004,-0.934,0.020
510,0.004,-0.949,0.039
511,-0.008,-0.941,0.023
512,-0.020,-0.934,0.023
513,-0.016,-0.926,0.012
514,-0.008,-0.941,0.020
515,-0.004,-0.941,0.027
516,-0.012,-0.910,0.047
517,-0.004,-0.922,0.055
518,0.012,-0.945,0.055
519,0.020,-0.957,0.066
520,0.008,-0.945,0.055
521,0.004,-0.938,0.047
522,-0.004,-0.949,0.016
523,-0.008,-0.961,-0.004
524,-0.023,-0.945,0.004
525,-0.016,-0.934,0.027
526,-0.004,-0.941,0.047
527,-0.004,-0.973,0.023
528,0.004,-0.945,0.031
529,-0.039,-0.941,-0.039
530,0.004,-0.957,0.039
531,-0.008,-0.953,-0.004
532,-0.023,-0.949,0.016
533,-0.039,-0.910,0.016
534,-0.027,-0.930,0.047
535,0.004,-0.938,0.082
536,0.008,-0.957,0.062
537,0.008,-0.941,0.047
538,-0.004,-0.934,0.023
539,-0.004,-0.969,0.016
540,0.008,-0.945,0.016
541,0.000,-0.949,0.016
542,0.004,-0.941,0.020
543,0.008,-0.945,0.031
544,0.004,-0.945,0.027
545,0.000,-0.934,0.035
546,0.000,-0.938,0.027
547,0.008,-0.957,0.012
548,-0.004,-0.957,0.004
549,-0.031,-0.941,-0.020
550,-0.023,-0.922,0.020
551,0.000,-0.934,0.051
552,0.031,-0.957,0.074
553,-0.016,-0.941,0.098
554,-0.031,-0.938,0.008
555,-0.012,-0.938,0.074
556,-0.027,-0.941,0.051
557,-0.027,-0.941,0.012
558,-0.020,-0.941,0.012
559,-0.027,-0.938,-0.004
560,-0.008,-0.938,0.035
561,0.012,-0.953,0.031
562,0.023,-0.953,0.039
563,0.000,-0.930,0.031
564,0.000,-0.941,-0.008
565,0.004,-0.957,-0.016
566,0.008,-0.949,-0.016
567,-0.016,-0.938,-0.012
568,0.004,-0.926,0.020
569,0.016,-0.938,0.051
570,0.008,-0.949,0.039
571,0.000,-0.941,0.031
572,0.000,-0.934,0.031
573,0.004,-0.941,0.016
574,0.004,-0.938,0.008
575,-0.016,-0.957,-0.016
576,-0.016,-0.941,0.035
577,-0.012,-0.926,0.016
578,-0.012,-0.926,0.016
579,-0.020,-0.941,0.047
580,-0.016,-0.934,0.035
581,-0.023,-0.945,0.000
582,0.004,-0.938,0.023
583,0.000,-0.930,-0.008
584,-0.012,-0.949,-0.020
585,-0.004,-0.945,-0.012
586,-0.012,-0.949,-0.023
587,0.008,-0.941,0.012
588,0.016,-0.941,0.039
589,0.020,-0.949,0.031
590,0.023,-0.949,0.027
591,0.008,-0.945,0.004
592,-0.004,-0.953,-0.008
593,0.012,-0.945,0.000
594,-0.004,-0.945,0.000
595,0.000,-0.941,0.012
596,0.000,-0.922,0.012
597,0.004,-0.949,0.012
598,0.008,-0.949,0.039
599,-0.004,-0.949,0.000
600,-0.004,-0.930,0.000
601,-0.004,-0.938,-0.008
602,-0.012,-0.957,-0.008
603,-0.023,-0.930,-0.004
604,0.000,-0.918,0.008
605,-0.012,-0.953,0.043
606,0.035,-0.953,-0.035
607,0.004,-0.945,0.008
608,0.008,-0.938,0.012
609,0.012,-0.938,0.000
610,0.012,-0.949,-0.012
611,0.004,-0.941,-0.016
612,0.000,-0.941,-0.004
613,0.012,-0.930,0.020
614,0.020,-0.945,0.035
615,0.023,-0.953,0.012
616,0.008,-0.945,0.004
617,-0.012,-0.938,-0.031
618,-0.004,-0.941,-0.016
619,0.004,-0.938,-0.020
620,-0.004,-0.949,-0.023
621,-0.020,-0.938,0.000
622,-0.016,-0.941,-0.008
623,0.008,-0.941,0.012
624,0.047,-0.957,0.051
625,-0.020,-0.961,0.008
626,-0.016,-0.941,0.027
627,-0.031,-0.926,0.000
628,0.020,-0.938,0.000
629,0.000,-0.938,-0.035
630,0.000,-0.930,0.008
631,0.008,-0.934,0.020
632,0.027,-0.961,0.016
633,0.023,-0.957,-0.008
634,0.004,-0.941,-0.004
635,0.004,-0.926,0.000
636,0.004,-0.949,-0.020
637,0.004,-0.957,-0.020
638,-0.016,-0.938,-0.020
639,-0.012,-0.914,0.020
640,0.012,-0.938,0.027
641,0.016,-0.957,0.016
642,-0.008,-0.953,-0.012
643,-0.004,-0.938,-0.012
644,0.004,-0.938,-0.004
645,0.008,-0.953,0.000
646,-0.016,-0.953,-0.012
647,-0.012,-0.930,0.008
648,0.008,-0.926,0.039
649,0.008,-0.961,0.020
650,0.012,-0.930,0.000
651,-0.012,-0.934,0.016
652,-0.016,-0.941,-0.059
653,-0.023,-0.945,-0.004
654,-0.004,-0.957,-0.023
655,-0.012,-0.934,0.000
656,-0.004,-0.938,0.012
657,0.008,-0.949,0.016
658,0.016,-0.953,0.023
659,0.008,-0.938,0.027
660,0.000,-0.941,0.008
661,-0.004,-0.945,-0.004
662,0.004,-0.949,-0.004
663,-0.008,-0.926,0.004
664,-0.004,-0.941,0.008
665,-0.004,-0.934,0.016
666,0.000,-0.945,0.023
667,0.004,-0.938,0.043
668,-0.004,-0.945,0.016
669,-0.008,-0.953,0.008
670,-0.004,-0.945,-0.004
671,-0.016,-0.941,-0.004
672,0.008,-0.938,0.016
673,-0.023,-0.938,0.027
674,-0.023,-0.938,0.027
675,-0.016,-0.953,0.039
676,0.004,-0.918,-0.012
677,0.004,-0.941,0.035
678,0.016,-0.953,-0.008
679,-0.004,-0.953,0.008
680,-0.016,-0.934,0.000
681,-0.012,-0.941,0.000
682,-0.016,-0.953,0.012
683,-0.008,-0.934,0.027
684,0.004,-0.934,0.051
685,-0.008,-0.945,0.027
686,-0.004,-0.949,0.023
687,-0.004,-0.941,0.012
688,-0.012,-0.945,0.008
689,-0.016,-0.938,0.004
690,-0.023,-0.949,-0.004
691,-0.012,-0.938,0.031
692,-0.012,-0.941,0.039
693,-0.004,-0.941,0.051
694,-0.008,-0.941,0.039
695,-0.008,-0.949,0.035
696,-0.004,-0.938,0.031
697,0.008,-0.965,0.020
698,0.008,-0.965,0.020
699,-0.027,-0.934,-0.016
700,0.004,-0.938,-0.016
701,-0.012,-0.934,0.043
702,-0.012,-0.926,0.004
703,0.000,-0.938,0.043
704,-0.004,-0.941,0.035
705,0.000,-0.953,0.020
706,-0.012,-0.941,0.008
707,-0.008,-0.934,0.008
708,-0.020,-0.945,0.000
709,-0.012,-0.926,0.027
710,-0.004,-0.941,0.027
711,-0.008,-0.941,0.051
712,-0.008,-0.934,0.027
713,-0.008,-0.949,0.023
714,-0.004,-0.941,0.023
715,-0.012,-0.934,0.008
716,-0.008,-0.930,0.020
717,-0.012,-0.945,0.020
718,-0.016,-0.945,0.020
719,-0.008,-0.938,0.035
720,0.004,-0.949,0.031
721,0.016,-0.945,0.039
722,0.016,-0.945,0.039
723,0.023,-0.953,0.027
724,-0.012,-0.949,-0.016
725,-0.035,-0.934,0.012
726,-0.035,-0.965,-0.012
727,0.004,-0.934,0.016
728,-0.008,-0.930,0.023
729,-0.016,-0.934,0.035
730,0.000,-0.930,0.039
731,0.004,-0.969,0.027
732,-0.012,-0.953,0.023
733,-0.012,-0.934,0.008
734,-0.012,-0.938,0.016
735,0.008,-0.934,0.031
736,-0.012,-0.953,0.020
737,-0.016,-0.941,0.020
738,-0.004,-0.930,0.027
739,0.004,-0.941,0.035
740,0.012,-0.945,0.039
741,0.000,-0.945,0.016
742,-0.012,-0.922,0.016
743,0.000,-0.945,0.012
744,-0.008,-0.945,0.012
745,-0.020,-0.945,0.000
746,0.004,-0.934,0.012
747,0.012,-0.961,0.016
748,0.027,-0.961,0.051
749,0.008,-0.969,0.062
750,-0.031,-0.930,0.000
751,-0.008,-0.941,0.012
752,0.004,-0.941,0.020
753,0.000,-0.938,0.023
754,-0.008,-0.945,0.008
755,-0.008,-0.926,0.027
756,0.008,-0.945,0.035
757,0.008,-0.949,0.043
758,0.008,-0.945,0.020
759,0.000,-0.949,-0.004
760,0.008,-0.930,0.000
761,0.008,-0.949,0.004
762,-0.004,-0.938,0.012
763,0.004,-0.938,0.016
764,0.000,-0.938,0.023
765,0.004,-0.938,0.016
766,0.008,-0.945,0.020
767,-0.004,-0.938,0.004
768,-0.008,-0.941,-0.008
769,0.004,-0.949,-0.016
770,-0.012,-0.945,-0.047
771,0.016,-0.938,0.012
772,0.000,-0.941,0.043
773,0.000,-0.926,0.039
774,0.008,-0.941,0.035
775,0.012,-0.957,0.004
776,0.008,-0.953,-0.008
777,0.000,-0.941,0.000
778,0.008,-0.934,0.000
779,0.008,-0.945,0.012
780,0.016,-0.945,0.012
781,-0.004,-0.926,0.016
782,0.008,-0.934,0.023
783,0.016,-0.945,0.020
784,0.012,-0.949,0.008
785,-0.004,-0.938,0.000
786,-0.004,-0.934,-0.008
787,0.008,-0.953,0.004
788,0.004,-0.941,0.012
789,-0.004,-0.941,0.016
790,0.000,-0.926,0.035
791,0.004,-0.938,0.023
792,-0.008,-0.949,0.023
793,-0.008,-0.934,-0.016
794,-0.027,-0.938,0.008
795,0.008,-0.941,0.004
796,0.008,-0.949,0.004
797,0.004,-0.938,0.023
798,0.004,-0.926,0.016
799,0.016,-0.941,0.016
800,0.016,-0.953,0.020
801,0.004,-0.957,-0.008
802,0.000,-0.934,-0.004
803,0.004,-0.938,0.016
804,0.008,-0.957,0.004
805,0.000,-0.926,0.012
806,-0.004,-0.934,-0.004
807,0.004,-0.934,0.020
808,0.000,-0.945,0.004
809,0.012,-0.949,0.008
810,0.008,-0.957,0.000
811,-0.004,-0.953,0.000
812,0.000,-0.930,-0.004
813,0.004,-0.934,0.008
814,0.008,-0.938,0.012
815,0.000,-0.945,0.000
816,0.016,-0.949,-0.012
817,-0.008,-0.930,0.016
818,0.012,-0.953,-0.043
819,0.023,-0.945,0.031
820,0.000,-0.941,0.004
821,0.000,-0.938,0.004
822,0.008,-0.945,0.008
823,0.004,-0.949,0.012
824,0.000,-0.934,0.016
825,0.004,-0.930,0.016
826,0.008,-0.949,0.020
827,0.008,-0.969,0.000
828,-0.008,-0.941,-0.004
829,-0.008,-0.934,0.004
830,0.008,-0.930,0.023
831,0.004,-0.949,0.008
832,-0.004,-0.945,0.004
833,0.000,-0.930,0.012
834,0.008,-0.938,0.008
835,0.012,-0.961,0.012
836,-0.004,-0.945,-0.008
837,-0.012,-0.926,0.000
838,0.000,-0.941,0.020
839,-0.004,-0.941,0.012
840,-0.016,-0.961,-0.008
841,0.000,-0.941,-0.039
842,-0.012,-0.945,-0.008
843,0.012,-0.961,0.008
844,0.016,-0.941,0.008
845,-0.012,-0.941,-0.020
846,0.000,-0.941,0.000
847,0.016,-0.941,0.020
848,-0.004,-0.953,-0.016
849,-0.020,-0.918,0.004
850,-0.004,-0.941,0.012
851,0.004,-0.949,0.035
852,0.004,-0.945,0.020
853,-0.004,-0.945,-0.004
854,-0.008,-0.938,0.016
855,0.000,-0.949,0.008
856,-0.012,-0.930,0.016
857,-0.008,-0.922,0.020
858,-0.008,-0.938,0.023
859,-0.004,-0.941,0.027
860,0.004,-0.941,0.020
861,-0.004,-0.938,0.031
862,-0.004,-0.934,0.008
863,-0.008,-0.949,-0.004
864,-0.016,-0.953,-0.004
865,0.004,-0.938,0.020
866,-0.043,-0.934,0.023
867,0.023,-0.949,-0.008
868,-0.008,-0.945,0.035
869,0.000,-0.945,-0.008
870,0.000,-0.949,0.020
871,-0.008,-0.949,0.000
872,-0.008,-0.941,0.016
873,-0.008,-0.938,0.016
874,-0.008,-0.930,0.023
875,-0.012,-0.941,0.016
876,-0.016,-0.938,0.023
877,0.000,-0.941,0.027
878,0.004,-0.945,0.027
879,-0.008,-0.941,0.027
880,-0.016,-0.945,0.012
881,-0.016,-0.941,0.012
882,-0.004,-0.934,0.020
883,-0.016,-0.949,0.016
884,-0.012,-0.938,0.023
885,-0.012,-0.934,0.027
886,-0.008,-0.949,0.012
887,-0.004,-0.934,0.031
888,-0.012,-0.957,0.020
889,0.004,-0.922,0.008
890,0.000,-0.938,0.031
891,0.020,-0.949,0.031
892,-0.012,-0.934,0.039
893,-0.012,-0.945,0.027
894,-0.008,-0.930,0.027
895,0.000,-0.938,0.031
896,-0.008,-0.953,0.016
897,-0.008,-0.938,0.016
898,-0.012,-0.934,0.020
899,-0.016,-0.938,0.016
900,-0.012,-0.938,0.020
901,-0.008,-0.945,0.016
902,-0.016,-0.934,0.027
903,-0.016,-0.949,0.020
904,-0.004,-0.938,0.035
905,-0.008,-0.957,0.008
906,-0.016,-0.949,0.012
907,-0.004,-0.938,0.016
908,-0.012,-0.945,0.008
909,-0.008,-0.938,0.020
910,-0.004,-0.934,0.023
911,-0.008,-0.945,0.016
912,0.012,-0.949,0.055
913,-0.016,-0.934,0.012
914,0.023,-0.949,0.039
915,0.016,-0.949,0.016
916,-0.027,-0.945,0.020
917,-0.023,-0.918,-0.008
918,0.000,-0.961,0.012
919,-0.012,-0.945,0.008
920,-0.012,-0.938,0.031
921,-0.008,-0.949,0.016
922,0.012,-0.953,0.043
923,-0.004,-0.965,0.000
924,-0.012,-0.938,0.008
925,-0.004,-0.926,0.016
926,-0.004,-0.941,0.027
927,0.004,-0.938,0.027
928,-0.012,-0.945,0.008
929,0.000,-0.926,0.031
930,0.000,-0.938,0.023
931,0.000,-0.957,0.016
932,-0.012,-0.922,0.016
933,-0.012,-0.926,0.012
934,0.000,-0.945,0.012
935,0.004,-0.941,0.016
936,0.004,-0.949,-0.008
937,-0.039,-0.930,0.020
938,0.023,-0.941,0.035
939,0.023,-0.957,0.070
940,-0.008,-0.945,0.023
941,0.008,-0.953,-0.008
942,-0.004,-0.941,0.008
943,0.004,-0.945,0.020
944,0.000,-0.945,0.012
945,0.000,-0.930,0.023
946,0.000,-0.938,0.012
947,0.004,-0.945,0.031
948,0.004,-0.945,0.020
949,0.000,-0.941,0.016
950,-0.004,-0.938,0.020
951,-0.008,-0.949,0.000
952,-0.004,-0.938,0.012
953,-0.004,-0.938,0.016
954,0.000,-0.938,0.016
955,0.000,-0.945,0.016
956,0.008,-0.953,0.012
957,0.012,-0.941,0.012
958,-0.004,-0.941,0.000
959,0.004,-0.934,0.008
960,-0.004,-0.953,0.043
961,0.027,-0.938,0.000
962,-0.004,-0.938,0.023
963,0.000,-0.938,0.004
964,0.004,-0.941,0.035
965,0.027,-0.945,0.000
966,0.008,-0.934,0.004
967,0.000,-0.938,0.004
968,0.004,-0.934,0.020
969,0.004,-0.938,0.020
970,-0.004,-0.945,0.004
971,-0.004,-0.938,0.008
972,0.004,-0.938,0.012
973,0.000,-0.949,0.012
974,0.000,-0.934,0.016
975,0.008,-0.941,0.008
976,0.004,-0.941,-0.004
977,-0.004,-0.945,-0.008
978,-0.004,-0.930,0.020
979,0.012,-0.938,0.023
980,0.016,-0.941,0.016
981,0.004,-0.949,0.008
982,0.004,-0.941,0.012
983,0.004,-0.941,0.020
984,0.016,-0.957,0.043
985,0.000,-0.949,0.000
986,-0.012,-0.938,-0.004
987,0.008,-0.938,0.004
988,0.023,-0.934,0.023
989,0.020,-0.938,0.004
990,0.004,-0.949,0.000
991,0.000,-0.938,0.008
992,0.000,-0.945,-0.004
993,0.000,-0.941,0.012
994,0.008,-0.918,0.008
995,-0.004,-0.934,0.004
996,0.004,-0.938,0.008
997,0.008,-0.949,0.020
998,0.004,-0.934,0.012
999,0.004,-0.938,0.012
Rate 1345, overflows 0
